"representativeid","lastname","firstname","statelabel","statecode","district","chamber","party"
0,"Johnson","Henry C","Georgia",13,4,"Representative","Democratic"
1,"Weber","Randy K","Texas",48,14,"Representative","Republican"
2,"King","Angus S","Maine",23,0,"Senator","Independent"
3,"Casey","Robert P","Pennsylvania",42,0,"Senator","Democratic"
4,"Duncan","John J","Tennessee",47,2,"Representative","Republican"
5,"Donovan","Daniel M","New York",36,11,"Representative","Republican"
6,"Boustany","Charles W","Louisiana",22,3,"Representative","Republican"
7,"Jones","Walter B","North Carolina",37,3,"Representative","Republican"
8,"Sensenbrenner","James F","Wisconsin",55,5,"Representative","Republican"
9,"Bishop","Sanford D","Georgia",13,2,"Representative","Democratic"
10,"Pascrell","Bill","New Jersey",34,9,"Representative","Democratic"
11,"Conyers","John","Michigan",26,13,"Representative","Democratic"
12,"Pallone","Frank","New Jersey",34,6,"Representative","Democratic"
13,"Payne","Donald M","New Jersey",34,10,"Representative","Democratic"
14,"Beyer","Donald S","Virginia",51,8,"Representative","Democratic"
15,"Manchin","Joe","West Virginia",54,0,"Senator","Democratic"
16,"Kennedy","Joseph P","Massachusetts",25,4,"Representative","Democratic"
17,"Vela","Filemon","Texas",48,34,"Representative","Democratic"
18,"Farenthold","Blake","Texas",48,27,"Representative","Republican"
19,"Brady","Kevin","Texas",48,8,"Representative","Republican"
20,"Babin","Brian","Texas",48,36,"Representative","Republican"
21,"Kind","Ron","Wisconsin",55,3,"Representative","Democratic"
22,"Duffy","Sean P","Wisconsin",55,7,"Representative","Republican"
23,"Kustoff","David","Tennessee",47,8,"Representative","Republican"
24,"Nolan","Richard M","Minnesota",27,8,"Representative","Democratic"
25,"Comer","James","Kentucky",21,1,"Representative","Republican"
26,"Scalise","Steve","Louisiana",22,1,"Representative","Republican"
27,"Palazzo","Steven M","Mississippi",28,4,"Representative","Republican"
28,"Byrne","Bradley","Alabama",1,1,"Representative","Republican"
29,"Gallagher","Mike","Wisconsin",55,8,"Representative","Republican"
30,"Cooper","Jim","Tennessee",47,5,"Representative","Democratic"
31,"Dunn","Neal","Florida",12,2,"Representative","Republican"
32,"Kildee","Daniel T","Michigan",26,5,"Representative","Democratic"
33,"Mitchell","Paul","Michigan",26,10,"Representative","Republican"
34,"Bergman","Jack","Michigan",26,1,"Representative","Republican"
35,"Dingell","Debbie","Michigan",26,12,"Representative","Democratic"
36,"Yoho","Ted S","Florida",12,3,"Representative","Republican"
37,"Bilirakis","Gus M","Florida",12,12,"Representative","Republican"
38,"Webster","Daniel","Florida",12,11,"Representative","Republican"
39,"Kaptur","Marcy","Ohio",39,9,"Representative","Democratic"
40,"Crist","Charlie","Florida",12,13,"Representative","Democratic"
41,"Buchanan","Vern","Florida",12,16,"Representative","Republican"
42,"Castor","Kathy","Florida",12,14,"Representative","Democratic"
43,"Rooney","Francis","Florida",12,19,"Representative","Republican"
44,"Carter","Earl L","Georgia",13,1,"Representative","Republican"
45,"Curbelo","Carlos","Florida",12,26,"Representative","Republican"
46,"Ros-Lehtinen","Ileana","Florida",12,27,"Representative","Republican"
47,"Sanford","Mark","South Carolina",45,1,"Representative","Republican"
48,"Collins","Chris","New York",36,27,"Representative","Republican"
49,"Hoyer","Steny H","Maryland",24,5,"Representative","Democratic"
50,"Butterfield","K G","North Carolina",37,1,"Representative","Democratic"
51,"Wittman","Robert J","Virginia",51,1,"Representative","Republican"
52,"Scott","Robert C","Virginia",51,3,"Representative","Democratic"
53,"Stefanik","Elise M","New York",36,21,"Representative","Republican"
54,"Ruppersberger","A C","Maryland",24,2,"Representative","Democratic"
55,"Harris","Andy","Maryland",24,1,"Representative","Republican"
56,"Taylor","Scott","Virginia",51,2,"Representative","Republican"
57,"Rochester","Lisa Blunt","Delaware",10,0,"Representative","Democratic"
58,"Carper","Thomas R","Delaware",10,0,"Senator","Democratic"
59,"Coons","Christopher A","Delaware",10,0,"Senator","Democratic"
60,"MacArthur","Thomas","New Jersey",34,3,"Representative","Republican"
61,"Nadler","Jerrold","New York",36,10,"Representative","Democratic"
62,"Crowley","Joseph","New York",36,14,"Representative","Democratic"
63,"Engel","Eliot L","New York",36,16,"Representative","Democratic"
64,"Suozzi","Tom","New York",36,3,"Representative","Democratic"
65,"Himes","James A","Connecticut",9,4,"Representative","Democratic"
66,"DeLauro","Rosa L","Connecticut",9,3,"Representative","Democratic"
67,"Zeldin","Lee M","New York",36,1,"Representative","Republican"
68,"Langevin","James R","Rhode Island",44,2,"Representative","Democratic"
69,"Cicilline","David N","Rhode Island",44,1,"Representative","Democratic"
70,"Capuano","Michael E","Massachusetts",25,7,"Representative","Democratic"
71,"Lynch","Stephen F","Massachusetts",25,8,"Representative","Democratic"
72,"Shea-Porter","Carol","New Hampshire",33,1,"Representative","Democratic"
73,"Moulton","Seth","Massachusetts",25,6,"Representative","Democratic"
74,"Keating","William R","Massachusetts",25,9,"Representative","Democratic"
75,"Pingree","Chellie","Maine",23,1,"Representative","Democratic"
76,"Poliquin","Bruce","Maine",23,2,"Representative","Republican"
77,"Young","Don","Alaska",2,0,"Representative","Republican"
78,"Sullivan","Dan","Alaska",2,0,"Senator","Republican"
79,"Murkowski","Lisa","Alaska",2,0,"Senator","Republican"
80,"Gabbard","Tulsi","Hawaii",15,2,"Representative","Democratic"
81,"DeFazio","Peter A","Oregon",41,4,"Representative","Democratic"
82,"Bonamici","Suzanne","Oregon",41,1,"Representative","Democratic"
83,"Larsen","Rick","Washington",53,2,"Representative","Democratic"
84,"Heck","Denny","Washington",53,10,"Representative","Democratic"
85,"DelBene","Suzan K","Washington",53,1,"Representative","Democratic"
86,"Speier","Jackie","California",6,14,"Representative","Democratic"
87,"Kilmer","Derek","Washington",53,6,"Representative","Democratic"
88,"Huffman","Jared","California",6,2,"Representative","Democratic"
89,"Jayapal","Pramila","Washington",53,7,"Representative","Democratic"
90,"Pelosi","Nancy","California",6,12,"Representative","Democratic"
91,"Panetta","Jimmy","California",6,20,"Representative","Democratic"
92,"Brownley","Julia","California",6,26,"Representative","Democratic"
93,"Carbajal","Salud","California",6,24,"Representative","Democratic"
94,"Lowenthal","Alan S","California",6,47,"Representative","Democratic"
95,"Vargas","Juan","California",6,51,"Representative","Democratic"
96,"Pompeo","Mike","Kansas",20,4,"Representative","Republican"
97,"Cole","Tom","Oklahoma",40,4,"Representative","Republican"
98,"Gonzalez","Vicente","Texas",48,15,"Representative","Democratic"
99,"Castro","Joaquin","Texas",48,20,"Representative","Democratic"
100,"Williams","Roger","Texas",48,25,"Representative","Republican"
101,"Doggett","Lloyd","Texas",48,35,"Representative","Democratic"
102,"Granger","Kay","Texas",48,12,"Representative","Republican"
103,"Carter","John R","Texas",48,31,"Representative","Republican"
104,"McCaul","Michael T","Texas",48,10,"Representative","Republican"
105,"Fortenberry","Jeff","Nebraska",31,1,"Representative","Republican"
106,"Flores","Bill","Texas",48,17,"Representative","Republican"
107,"Russell","Steve","Oklahoma",40,5,"Representative","Republican"
108,"Veasey","Marc A","Texas",48,33,"Representative","Democratic"
109,"Burgess","Michael C","Texas",48,26,"Representative","Republican"
110,"Barton","Joe","Texas",48,6,"Representative","Republican"
111,"Peterson","Collin C","Minnesota",27,7,"Representative","Democratic"
112,"Marchant","Kenny","Texas",48,24,"Representative","Republican"
113,"Johnson","Eddie Bernice","Texas",48,30,"Representative","Democratic"
114,"Mullin","Markwayne","Oklahoma",40,2,"Representative","Republican"
115,"Ratcliffe","John","Texas",48,4,"Representative","Republican"
116,"Sessions","Pete","Texas",48,32,"Representative","Republican"
117,"Johnson","Sam","Texas",48,3,"Representative","Republican"
118,"Jenkins","Lynn","Kansas",20,2,"Representative","Republican"
119,"Hensarling","Jeb","Texas",48,5,"Representative","Republican"
120,"King","Steve","Iowa",19,4,"Representative","Republican"
121,"Bacon","Don","Nebraska",31,2,"Representative","Republican"
122,"Walz","Timothy J","Minnesota",27,1,"Representative","Democratic"
123,"Bridenstine","Jim","Oklahoma",40,1,"Representative","Republican"
124,"Olson","Pete","Texas",48,22,"Representative","Republican"
125,"Young","David","Iowa",19,3,"Representative","Republican"
126,"Culberson","John Abney","Texas",48,7,"Representative","Republican"
127,"Graves","Sam","Missouri",29,6,"Representative","Republican"
128,"Green","Al","Texas",48,9,"Representative","Democratic"
129,"Poe","Ted","Texas",48,2,"Representative","Republican"
130,"Gohmert","Louie","Texas",48,1,"Representative","Republican"
131,"Jackson Lee","Sheila","Texas",48,18,"Representative","Democratic"
132,"Green","Gene","Texas",48,29,"Representative","Democratic"
133,"Yoder","Kevin","Kansas",20,3,"Representative","Republican"
134,"Emmer","Tom","Minnesota",27,6,"Representative","Republican"
135,"Long","Billy","Missouri",29,7,"Representative","Republican"
136,"Womack","Steve","Arkansas",5,3,"Representative","Republican"
137,"Hartzler","Vicky","Missouri",29,4,"Representative","Republican"
138,"Cleaver","Emanuel","Missouri",29,5,"Representative","Democratic"
139,"Westerman","Bruce","Arkansas",5,4,"Representative","Republican"
140,"Fleming","John","Louisiana",22,4,"Representative","Republican"
141,"Loebsack","David","Iowa",19,2,"Representative","Democratic"
142,"Kline","John","Minnesota",27,2,"Representative","Republican"
143,"Paulsen","Erik","Minnesota",27,3,"Representative","Republican"
144,"Blum","Rod","Iowa",19,1,"Representative","Republican"
145,"Ellison","Keith","Minnesota",27,5,"Representative","Democratic"
146,"Hill","French J","Arkansas",5,2,"Representative","Republican"
147,"McCollum","Betty","Minnesota",27,4,"Representative","Democratic"
148,"Abraham","Ralph Lee","Louisiana",22,5,"Representative","Republican"
149,"Crawford","Eric A","Arkansas",5,1,"Representative","Republican"
150,"Smith","Jason","Missouri",29,8,"Representative","Republican"
151,"Luetkemeyer","Blaine","Missouri",29,3,"Representative","Republican"
152,"Graves","Garret","Louisiana",22,6,"Representative","Republican"
153,"Harper","Gregg","Mississippi",28,3,"Representative","Republican"
154,"LaHood","Darin","Illinois",17,18,"Representative","Republican"
155,"Thompson","Bennie G","Mississippi",28,2,"Representative","Democratic"
156,"Richmond","Cedric L","Louisiana",22,2,"Representative","Democratic"
157,"Bustos","Cheri","Illinois",17,17,"Representative","Democratic"
158,"Davis","Rodney","Illinois",17,13,"Representative","Republican"
159,"Wagner","Ann","Missouri",29,2,"Representative","Republican"
160,"Clay","Wm Lacy","Missouri",29,1,"Representative","Democratic"
161,"Pocan","Mark","Wisconsin",55,2,"Representative","Democratic"
162,"Bost","Mike","Illinois",17,12,"Representative","Republican"
163,"Cohen","Steve","Tennessee",47,9,"Representative","Democratic"
164,"Kelly","Trent","Mississippi",28,1,"Representative","Republican"
165,"Nunnelee","Alan","Mississippi",28,1,"Representative","Republican"
166,"Shimkus","John","Illinois",17,15,"Representative","Republican"
167,"Kinzinger","Adam","Illinois",17,16,"Representative","Republican"
168,"Grothman","Glenn","Wisconsin",55,6,"Representative","Republican"
169,"Blackburn","Marsha","Tennessee",47,7,"Representative","Republican"
170,"Ryan","Paul","Wisconsin",55,1,"Representative","Republican"
171,"Hultgren","Randy","Illinois",17,14,"Representative","Republican"
172,"Sewell","Terri A","Alabama",1,7,"Representative","Democratic"
173,"Foster","Bill","Illinois",17,11,"Representative","Democratic"
174,"Roskam","Peter J","Illinois",17,6,"Representative","Republican"
175,"Krishnamoorthi","Raja","Illinois",17,8,"Representative","Democratic"
176,"Aderholt","Robert B","Alabama",1,4,"Representative","Republican"
177,"Kelly","Robin L","Illinois",17,2,"Representative","Democratic"
178,"Brooks","Mo","Alabama",1,5,"Representative","Republican"
179,"Schneider","Brad","Illinois",17,10,"Representative","Democratic"
180,"Lipinski","Daniel","Illinois",17,3,"Representative","Democratic"
181,"Rush","Bobby L","Illinois",17,1,"Representative","Democratic"
182,"Bucshon","Larry","Indiana",18,8,"Representative","Republican"
183,"Moore","Gwen","Wisconsin",55,4,"Representative","Democratic"
184,"Schakowsky","Janice D","Illinois",17,9,"Representative","Democratic"
185,"Quigley","Mike","Illinois",17,5,"Representative","Democratic"
186,"Gutierrez","Luis V","Illinois",17,4,"Representative","Democratic"
187,"Davis","Danny K","Illinois",17,7,"Representative","Democratic"
188,"Gaetz","Matt","Florida",12,1,"Representative","Republican"
189,"Rokita","Todd","Indiana",18,4,"Representative","Republican"
190,"Visclosky","Peter J","Indiana",18,1,"Representative","Democratic"
191,"Roby","Martha","Alabama",1,2,"Representative","Republican"
192,"Palmer","Gary J","Alabama",1,6,"Representative","Republican"
193,"Guthrie","Brett","Kentucky",21,2,"Representative","Republican"
194,"DesJarlais","Scott","Tennessee",47,4,"Representative","Republican"
195,"Black","Diane","Tennessee",47,6,"Representative","Republican"
196,"Walorski","Jackie","Indiana",18,2,"Representative","Republican"
197,"Upton","Fred","Michigan",26,6,"Representative","Republican"
198,"Hollingsworth","Trey","Indiana",18,9,"Representative","Republican"
199,"Rogers","Mike D","Alabama",1,3,"Representative","Republican"
200,"Lewis","Jason","Michigan",26,2,"Representative","Republican"
201,"Brooks","Susan W","Indiana",18,5,"Representative","Republican"
202,"Carson","Andre","Indiana",18,7,"Representative","Democratic"
203,"Messer","Luke","Indiana",18,6,"Representative","Republican"
204,"Yarmuth","John A","Kentucky",21,3,"Representative","Democratic"
205,"Stutzman","Marlin A","Indiana",18,3,"Representative","Republican"
206,"Moolenaar","John R","Michigan",26,4,"Representative","Republican"
207,"Amash","Justin","Michigan",26,3,"Representative","Republican"
208,"Massie","Thomas","Kentucky",21,4,"Representative","Republican"
209,"Graves","Tom","Georgia",13,14,"Representative","Republican"
210,"Fleischmann","Charles J","Tennessee",47,3,"Representative","Republican"
211,"Ferguson","Drew","Georgia",13,3,"Representative","Republican"
212,"Walberg","Tim","Michigan",26,7,"Representative","Republican"
213,"Barr","Andy","Kentucky",21,6,"Representative","Republican"
214,"Rogers","Harold","Kentucky",21,5,"Representative","Republican"
215,"Loudermilk","Barry","Georgia",13,11,"Representative","Republican"
216,"Scott","David","Georgia",13,13,"Representative","Democratic"
217,"Chabot","Steve","Ohio",39,1,"Representative","Republican"
218,"Davidson","Warren","Ohio",39,8,"Representative","Republican"
219,"Latta","Robert E","Ohio",39,5,"Representative","Republican"
220,"Collins","Doug","Georgia",13,9,"Representative","Republican"
221,"Lewis","John","Georgia",13,5,"Representative","Democratic"
222,"Bishop","Mike","Michigan",26,8,"Representative","Republican"
223,"Jordan","Jim","Ohio",39,4,"Representative","Republican"
224,"Wenstrup","Brad R","Ohio",39,2,"Representative","Republican"
225,"Price","Tom","Georgia",13,6,"Representative","Republican"
226,"Turner","Michael R","Ohio",39,10,"Representative","Republican"
227,"Meadows","Mark","North Carolina",37,11,"Representative","Republican"
228,"Woodall","Rob","Georgia",13,7,"Representative","Republican"
229,"Hice","Jody B","Georgia",13,10,"Representative","Republican"
230,"Scott","Austin","Georgia",13,8,"Representative","Republican"
231,"Stivers","Steve","Ohio",39,15,"Representative","Republican"
232,"Roe","David P","Tennessee",47,1,"Representative","Republican"
233,"Trott","David A","Michigan",26,11,"Representative","Republican"
234,"Griffith","Morgan H","Virginia",51,9,"Representative","Republican"
235,"Lawrence","Brenda L","Michigan",26,14,"Representative","Democratic"
236,"Duncan","Jeff","South Carolina",45,3,"Representative","Republican"
237,"Levin","Sander M","Michigan",26,9,"Representative","Democratic"
238,"Tiberi","Patrick J","Ohio",39,12,"Representative","Republican"
239,"Allen","Rick W","Georgia",13,12,"Representative","Republican"
240,"Beatty","Joyce","Ohio",39,3,"Representative","Democratic"
241,"Johnson","Bill","Ohio",39,6,"Representative","Republican"
242,"Gibbs","Bob","Ohio",39,7,"Representative","Republican"
243,"Gowdy","Trey","South Carolina",45,4,"Representative","Republican"
244,"McHenry","Patrick T","North Carolina",37,10,"Representative","Republican"
245,"Jenkins","Evan H","West Virginia",54,3,"Representative","Republican"
246,"Ross","Dennis A","Florida",12,15,"Representative","Republican"
247,"Rutherford","John","Florida",12,4,"Representative","Republican"
248,"Rooney","Thomas J","Florida",12,17,"Representative","Republican"
249,"Lawson","Al","Florida",12,5,"Representative","Democratic"
250,"Renacci","James B","Ohio",39,16,"Representative","Republican"
251,"Mooney","Alexander X","West Virginia",54,2,"Representative","Republican"
252,"DeSantis","Ron","Florida",12,6,"Representative","Republican"
253,"Mulvaney","Mick","South Carolina",45,5,"Representative","Republican"
254,"Wilson","Joe","South Carolina",45,2,"Representative","Republican"
255,"Demings","Val","Florida",12,10,"Representative","Democratic"
256,"Foxx","Virginia","North Carolina",37,5,"Representative","Republican"
257,"Fudge","Marcia L","Ohio",39,11,"Representative","Democratic"
258,"McKinley","David B","West Virginia",54,1,"Representative","Republican"
259,"Diaz-Balart","Mario","Florida",12,25,"Representative","Republican"
260,"Soto","Darren","Florida",12,9,"Representative","Democratic"
261,"Joyce","David P","Ohio",39,14,"Representative","Republican"
262,"Ryan","Tim","Ohio",39,13,"Representative","Democratic"
263,"Clyburn","James E","South Carolina",45,6,"Representative","Democratic"
264,"Murphy","Stephanie","Florida",12,7,"Representative","Democratic"
265,"Hastings","Alcee L","Florida",12,20,"Representative","Democratic"
266,"Posey","Bill","Florida",12,8,"Representative","Republican"
267,"Pittenger","Robert","North Carolina",37,9,"Representative","Republican"
268,"Adams","Alma S","North Carolina",37,12,"Representative","Democratic"
269,"Walker","Mark","North Carolina",37,6,"Representative","Republican"
270,"Hudson","Richard","North Carolina",37,8,"Representative","Republican"
271,"Mast","Brian","Florida",12,18,"Representative","Republican"
272,"Rice","Tom","South Carolina",45,7,"Representative","Republican"
273,"Kelly","Mike","Pennsylvania",42,3,"Representative","Republican"
274,"Rothfus","Keith J","Pennsylvania",42,12,"Representative","Republican"
275,"Murphy","Tim","Pennsylvania",42,18,"Representative","Republican"
276,"Wasserman Schultz","Debbie","Florida",12,23,"Representative","Democratic"
277,"Frankel","Lois","Florida",12,21,"Representative","Democratic"
278,"Wilson","Frederica S","Florida",12,24,"Representative","Democratic"
279,"Frankel","Lois","Florida",12,22,"Representative","Democratic"
280,"Thompson","Glenn","Pennsylvania",42,5,"Representative","Republican"
281,"Garrett","Tom","Virginia",51,5,"Representative","Republican"
282,"Doyle","Michael F","Pennsylvania",42,14,"Representative","Democratic"
283,"Goodlatte","Bob","Virginia",51,6,"Representative","Republican"
284,"Shuster","Bill","Pennsylvania",42,9,"Representative","Republican"
285,"Holding","George","North Carolina",37,2,"Representative","Republican"
286,"Reed","Tom","New York",36,23,"Representative","Republican"
287,"Delaney","John K","Maryland",24,6,"Representative","Democratic"
288,"Price","David E","North Carolina",37,4,"Representative","Democratic"
289,"Rouzer","David","North Carolina",37,7,"Representative","Republican"
290,"Higgins","Brian","New York",36,26,"Representative","Democratic"
291,"Budd","Ted","North Carolina",37,13,"Representative","Republican"
292,"Comstock","Barbara","Virginia",51,10,"Representative","Republican"
293,"Brat","Dave","Virginia",51,7,"Representative","Republican"
294,"McEachin","Donald","Virginia",51,4,"Representative","Democratic"
295,"Slaughter","Louise McIntosh","New York",36,25,"Representative","Democratic"
296,"Marino","Tom","Pennsylvania",42,10,"Representative","Republican"
297,"Van Hollen","Chris","Maryland",24,8,"Representative","Democratic"
298,"Barletta","Lou","Pennsylvania",42,11,"Representative","Republican"
299,"Perry","Scott","Pennsylvania",42,4,"Representative","Republican"
300,"Connolly","Gerald E","Virginia",51,11,"Representative","Democratic"
301,"Katko","John","New York",36,24,"Representative","Republican"
302,"Cummings","Elijah E","Maryland",24,7,"Representative","Democratic"
303,"Sarbanes","John P","Maryland",24,3,"Representative","Democratic"
304,"Brown","Anthony","Maryland",24,4,"Representative","Democratic"
305,"Dent","Charles W","Pennsylvania",42,15,"Representative","Republican"
306,"Smucker","Lloyd","Pennsylvania",42,16,"Representative","Republican"
307,"Cartwright","Matt","Pennsylvania",42,17,"Representative","Democratic"
308,"Costello","Ryan A","Pennsylvania",42,6,"Representative","Republican"
309,"Tenney","Claudia","New York",36,22,"Representative","Republican"
310,"Meehan","Patrick","Pennsylvania",42,7,"Representative","Republican"
311,"LoBiondo","Frank A","New Jersey",34,2,"Representative","Republican"
312,"Faso","John","New York",36,19,"Representative","Republican"
313,"Fitzpatrick","Michael G","Pennsylvania",42,8,"Representative","Republican"
314,"Norcross","Donald","New Jersey",34,1,"Representative","Democratic"
315,"Boyle","Brendan F","Pennsylvania",42,13,"Representative","Democratic"
316,"Brady","Robert A","Pennsylvania",42,1,"Representative","Democratic"
317,"Evans","Dwight","Pennsylvania",42,2,"Representative","Democratic"
318,"Lance","Leonard","New Jersey",34,7,"Representative","Republican"
319,"Gottheimer","Josh","New Jersey",34,5,"Representative","Democratic"
320,"Watson Coleman","Bonnie","New Jersey",34,12,"Representative","Democratic"
321,"Frelinghuysen","Rodney P","New Jersey",34,11,"Representative","Republican"
322,"Maloney","Sean Patrick","New York",36,18,"Representative","Democratic"
323,"Smith","Christopher H","New Jersey",34,4,"Representative","Republican"
324,"Tonko","Paul","New York",36,20,"Representative","Democratic"
325,"Sires","Albio","New Jersey",34,8,"Representative","Democratic"
326,"Lowey","Nita M","New York",36,17,"Representative","Democratic"
327,"Velazquez","Nydia M","New York",36,7,"Representative","Democratic"
328,"Jeffries","Hakeem S","New York",36,8,"Representative","Democratic"
329,"Maloney","Carolyn B","New York",36,12,"Representative","Democratic"
330,"Clarke","Yvette D","New York",36,9,"Representative","Democratic"
331,"Espaillat","Adriano","New York",36,13,"Representative","Democratic"
332,"Meeks","Gregory W","New York",36,5,"Representative","Democratic"
333,"Serrano","Jose E","New York",36,15,"Representative","Democratic"
334,"Meng","Grace","New York",36,6,"Representative","Democratic"
335,"Rice","Kathleen M","New York",36,4,"Representative","Democratic"
336,"King","Peter T","New York",36,2,"Representative","Republican"
337,"Esty","Elizabeth H","Connecticut",9,5,"Representative","Democratic"
338,"Neal","Richard E","Massachusetts",25,1,"Representative","Democratic"
339,"Welch","Peter","Vermont",50,0,"Representative","Democratic"
340,"Leahy","Patrick J","Vermont",50,0,"Senator","Democratic"
341,"Sanders","Bernard","Vermont",50,0,"Senator","Independent"
342,"Larson","John B","Connecticut",9,1,"Representative","Democratic"
343,"Courtney","Joe","Connecticut",9,2,"Representative","Democratic"
344,"McGovern","James P","Massachusetts",25,2,"Representative","Democratic"
345,"Kuster","Ann M","New Hampshire",33,2,"Representative","Democratic"
346,"Tsongas","Niki","Massachusetts",25,3,"Representative","Democratic"
347,"Clark","Katherine M","Massachusetts",25,5,"Representative","Democratic"
348,"Hanabusa","Colleen","Hawaii",15,1,"Representative","Democratic"
349,"Schrader","Kurt","Oregon",41,5,"Representative","Democratic"
350,"Herrera Beutler","Jaime","Washington",53,3,"Representative","Republican"
351,"LaMalfa","Doug","California",6,1,"Representative","Republican"
352,"Walden","Greg","Oregon",41,2,"Representative","Republican"
353,"Garamendi","John","California",6,3,"Representative","Democratic"
354,"Thompson","Mike","California",6,5,"Representative","Democratic"
355,"Blumenauer","Earl","Oregon",41,3,"Representative","Democratic"
356,"Reichert","David G","Washington",53,8,"Representative","Republican"
357,"Smith","Adam","Washington",53,9,"Representative","Democratic"
358,"DeSaulnier","Mark","California",6,11,"Representative","Democratic"
359,"Eshoo","Anna G","California",6,18,"Representative","Democratic"
360,"Lee","Barbara","California",6,13,"Representative","Democratic"
361,"Swalwell","Eric","California",6,15,"Representative","Democratic"
362,"Khanna","Ro","California",6,17,"Representative","Democratic"
363,"Lofgren","Zoe","California",6,19,"Representative","Democratic"
364,"McNerney","Jerry","California",6,9,"Representative","Democratic"
365,"Matsui","Doris O","California",6,6,"Representative","Democratic"
366,"Denham","Jeff","California",6,10,"Representative","Republican"
367,"Newhouse","Dan","Washington",53,4,"Representative","Republican"
368,"Bera","Ami","California",6,7,"Representative","Democratic"
369,"McClintock","Tom","California",6,4,"Representative","Republican"
370,"Costa","Jim","California",6,16,"Representative","Democratic"
371,"Valadao","David G","California",6,21,"Representative","Republican"
372,"Amodei","Mark E","Nevada",32,2,"Representative","Republican"
373,"Nunes","Devin","California",6,22,"Representative","Republican"
374,"McCarthy","Kevin","California",6,23,"Representative","Republican"
375,"Cook","Paul","California",6,8,"Representative","Republican"
376,"Kihuen","Ruben","Nevada",32,4,"Representative","Democratic"
377,"McMorris Rodgers","Cathy","Washington",53,5,"Representative","Republican"
378,"Lieu","Ted","California",6,33,"Representative","Democratic"
379,"Knight","Stephen","California",6,25,"Representative","Republican"
380,"Sherman","Brad","California",6,30,"Representative","Democratic"
381,"Cardenas","Tony","California",6,29,"Representative","Democratic"
382,"Bass","Karen","California",6,37,"Representative","Democratic"
383,"Waters","Maxine","California",6,43,"Representative","Democratic"
384,"Schiff","Adam B","California",6,28,"Representative","Democratic"
385,"Hahn","Janice","California",6,44,"Representative","Democratic"
386,"Becerra","Xavier","California",6,34,"Representative","Democratic"
387,"Roybal-Allard","Lucille","California",6,40,"Representative","Democratic"
388,"Chu","Judy","California",6,27,"Representative","Democratic"
389,"Sanchez","Linda T","California",6,38,"Representative","Democratic"
390,"Rohrabacher","Dana","California",6,48,"Representative","Republican"
391,"Napolitano","Grace F","California",6,32,"Representative","Democratic"
392,"Royce","Edward R","California",6,39,"Representative","Republican"
393,"Correa","Lou","California",6,46,"Representative","Democratic"
394,"Walters","Mimi","California",6,45,"Representative","Republican"
395,"Torres","Norma J","California",6,35,"Representative","Democratic"
396,"Issa","Darrell E","California",6,49,"Representative","Republican"
397,"Aguilar","Pete","California",6,31,"Representative","Democratic"
398,"Calvert","Ken","California",6,42,"Representative","Republican"
399,"Takano","Mark","California",6,41,"Representative","Democratic"
400,"Peters","Scott H","California",6,52,"Representative","Democratic"
401,"Hunter","Duncan D","California",6,50,"Representative","Republican"
402,"Labrador","Raul R","Idaho",16,1,"Representative","Republican"
403,"Davis","Susan A","California",6,53,"Representative","Democratic"
404,"Ruiz","Raul","California",6,36,"Representative","Democratic"
405,"Simpson","Michael K","Idaho",16,2,"Representative","Republican"
406,"Tester","Jon","Montana",30,0,"Senator","Democratic"
407,"Daines","Steve","Montana",30,0,"Senator","Republican"
408,"Zinke","Ryan K","Montana",30,0,"Representative","Republican"
409,"Rosen","Jacky","Nevada",32,3,"Representative","Democratic"
410,"Titus","Dina","Nevada",32,1,"Representative","Democratic"
411,"Grijalva","Raul M","Arizona",4,3,"Representative","Democratic"
412,"Gosar","Paul A","Arizona",4,4,"Representative","Republican"
413,"Stewart","Chris","Utah",49,2,"Representative","Republican"
414,"Bishop","Rob","Utah",49,1,"Representative","Republican"
415,"OHalleran","Tom","Arizona",4,1,"Representative","Democratic"
416,"Franks","Trent","Arizona",4,8,"Representative","Republican"
417,"Love","Mia B","Utah",49,4,"Representative","Republican"
418,"Gallego","Ruben","Arizona",4,7,"Representative","Democratic"
419,"Schweikert","David","Arizona",4,6,"Representative","Republican"
420,"Sinema","Kyrsten","Arizona",4,9,"Representative","Democratic"
421,"Chaffetz","Jason","Utah",49,3,"Representative","Republican"
422,"Biggs","Andy","Arizona",4,5,"Representative","Republican"
423,"McSally","Martha","Arizona",4,2,"Representative","Republican"
424,"Cheney","Liz","Wyoming",56,0,"Representative","Republican"
425,"Enzi","Michael B","Wyoming",56,0,"Senator","Republican"
426,"Barrasso","John","Wyoming",56,0,"Senator","Republican"
427,"Tipton","Scott  R","Colorado",8,3,"Representative","Republican"
428,"Pearce","Stevan","New Mexico",35,2,"Representative","Republican"
429,"Lujan","Ben Ray","New Mexico",35,3,"Representative","Democratic"
430,"Lujan Grisham","Michelle","New Mexico",35,1,"Representative","Democratic"
431,"Polis","Jared","Colorado",8,2,"Representative","Democratic"
432,"O&#39;Rourke","Beto","Texas",48,16,"Representative","Democratic"
433,"Lamborn","Doug","Colorado",8,5,"Representative","Republican"
434,"Hurd","Will","Texas",48,23,"Representative","Republican"
435,"Perlmutter","Ed","Colorado",8,7,"Representative","Democratic"
436,"Buck","Ken","Colorado",8,4,"Representative","Republican"
437,"DeGette","Diana","Colorado",8,1,"Representative","Democratic"
438,"Coffman","Mike","Colorado",8,6,"Representative","Republican"
439,"Thune","John","South Dakota",46,0,"Senator","Republican"
440,"Rounds","Mike","South Dakota",46,0,"Senator","Republican"
441,"Noem","Kristi L","South Dakota",46,0,"Representative","Republican"
442,"Smith","Adrian","Nebraska",31,3,"Representative","Republican"
443,"Cramer","Kevin","North Dakota",38,0,"Representative","Republican"
444,"Hoeven","John","North Dakota",38,0,"Senator","Republican"
445,"Heitkamp","Heidi","North Dakota",38,0,"Senator","Democratic"
446,"Arrington","Jodey","Texas",48,19,"Representative","Republican"
447,"Conaway","Michael K","Texas",48,11,"Representative","Republican"
448,"Thornberry","Mac","Texas",48,13,"Representative","Republican"
449,"Lucas","Frank D","Oklahoma",40,3,"Representative","Republican"
450,"Marshall","Roger","Kansas",20,1,"Representative","Republican"
451,"Cuellar","Henry","Texas",48,28,"Representative","Democratic"
452,"Smith","Lamar","Texas",48,21,"Representative","Republican"
453,"Hirono","Mazie K","Hawaii",15,0,"Senator","Democratic"
454,"Burr","Richard","North Carolina",37,0,"Senator","Republican"
455,"Lee","Mike","Utah",49,0,"Senator","Republican"
456,"Shelby","Richard C","Alabama",1,0,"Senator","Republican"
457,"Vitter","David","Louisiana",22,0,"Senator","Republican"
458,"Gillibrand","Kirsten E","New York",36,0,"Senator","Democratic"
459,"Paul","Rand","Kentucky",21,0,"Senator","Republican"
460,"Cardin","Benjamin L","Maryland",24,0,"Senator","Democratic"
461,"Fischer","Deb","Nebraska",31,0,"Senator","Republican"
462,"Portman","Rob","Ohio",39,0,"Senator","Republican"
463,"Cantwell","Maria","Washington",53,0,"Senator","Democratic"
464,"Rubio","Marco","Florida",12,0,"Senator","Republican"
465,"Inhofe","James M","Oklahoma",40,0,"Senator","Republican"
466,"Gardner","Cory","Colorado",8,0,"Senator","Republican"
467,"Blumenthal","Richard","Connecticut",9,0,"Senator","Democratic"
468,"Ernst","Joni","Iowa",19,0,"Senator","Republican"
469,"Hassan","Maggie","New Hampshire",33,0,"Senator","Democratic"
470,"Shaheen","Jeanne","New Hampshire",33,0,"Senator","Democratic"
471,"Collins","Susan M","Maine",23,0,"Senator","Republican"
472,"Brown","Sherrod","Ohio",39,0,"Senator","Democratic"
473,"Durbin","Richard","Illinois",17,0,"Senator","Democratic"
474,"Markey","Edward J","Massachusetts",25,0,"Senator","Democratic"
475,"Heinrich","Martin","New Mexico",35,0,"Senator","Democratic"
476,"Toomey","Pat","Pennsylvania",42,0,"Senator","Republican"
477,"Heller","Dean","Nevada",32,0,"Senator","Republican"
478,"Pierluisi","Pedro R","Puerto Rico",72,0,"Representative","Democratic"
479,"Alexander","Lamar","Tennessee",47,0,"Senator","Republican"
480,"McCaskill","Claire","Missouri",29,0,"Senator","Democratic"
481,"Udall","Tom","New Mexico",35,0,"Senator","Democratic"
482,"Donnelly","Joe","Indiana",18,0,"Senator","Democratic"
483,"Grassley","Chuck","Iowa",19,0,"Senator","Republican"
484,"McConnell","Mitch","Kentucky",21,0,"Senator","Republican"
485,"Blunt","Roy","Missouri",29,0,"Senator","Republican"
486,"Capito","Shelley Moore","West Virginia",54,0,"Senator","Republican"
487,"Cotton","Tom","Arkansas",5,0,"Senator","Republican"
488,"Schatz","Brian","Hawaii",15,0,"Senator","Democratic"
489,"Stabenow","Debbie","Michigan",26,0,"Senator","Democratic"
490,"Merkley","Jeff","Oregon",41,0,"Senator","Democratic"
491,"Scott","Tim","South Carolina",45,0,"Senator","Republican"
492,"Corker","Bob","Tennessee",47,0,"Senator","Republican"
493,"Flake","Jeff","Arizona",4,0,"Senator","Republican"
494,"Perdue","David","Georgia",13,0,"Senator","Republican"
495,"Duckworth","Tammy","Illinois",17,0,"Senator","Democratic"
496,"Moran","Jerry","Kansas",20,0,"Senator","Republican"
497,"Hatch","Orrin G","Utah",49,0,"Senator","Republican"
498,"Murphy","Christopher S","Connecticut",9,0,"Senator","Democratic"
499,"Crapo","Mike","Idaho",16,0,"Senator","Republican"
500,"Whitehouse","Sheldon","Rhode Island",44,0,"Senator","Democratic"
501,"Klobuchar","Amy","Minnesota",27,0,"Senator","Democratic"
502,"Sasse","Ben","Nebraska",31,0,"Senator","Republican"
503,"Johnson","Ron","Wisconsin",55,0,"Senator","Republican"
504,"McCain","John","Arizona",4,0,"Senator","Republican"
505,"Boozman","John","Arkansas",5,0,"Senator","Republican"
506,"Feinstein","Dianne","California",6,0,"Senator","Democratic"
507,"Franken","Al","Minnesota",27,0,"Senator","Democratic"
508,"Kaine","Tim","Virginia",51,0,"Senator","Democratic"
509,"Roberts","Pat","Kansas",20,0,"Senator","Republican"
510,"Warner","Mark R","Virginia",51,0,"Senator","Democratic"
511,"Radewagen","Aumua Amata Coleman","American Samoa",60,0,"Representative","Republican"
512,"Isakson","Johnny","Georgia",13,0,"Senator","Republican"
513,"Warren","Elizabeth","Massachusetts",25,0,"Senator","Democratic"
514,"Baldwin","Tammy","Wisconsin",55,0,"Senator","Democratic"
515,"Norton","Eleanor Holmes","District of Columbia",11,0,"Representative","Democratic"
516,"Wicker","Roger F","Mississippi",28,0,"Senator","Republican"
517,"Lankford","James","Oklahoma",40,0,"Senator","Republican"
518,"Sessions","Jeff","Alabama",1,0,"Senator","Republican"
519,"Cassidy","Bill","Louisiana",22,0,"Senator","Republican"
520,"Schumer","Charles E","New York",36,0,"Senator","Democratic"
521,"Bennet","Michael F","Colorado",8,0,"Senator","Democratic"
522,"Bordallo","Madeleine Z","Guam",66,0,"Representative","Democratic"
523,"Sablan","Gregorio Kilili Camacho","Northern Mariana Islands",69,0,"Representative","Democratic"
524,"Risch","James E","Idaho",16,0,"Senator","Republican"
525,"Peters","Gary C","Michigan",26,0,"Senator","Democratic"
526,"Cochran","Thad","Mississippi",28,0,"Senator","Republican"
527,"Graham","Lindsey","South Carolina",45,0,"Senator","Republican"
528,"Harris","Kamala","California",6,0,"Senator","Democratic"
529,"Booker","Cory A","New Jersey",34,0,"Senator","Democratic"
530,"Menendez","Robert","New Jersey",34,0,"Senator","Democratic"
531,"LaHood","Darin","Not Specified",0,0,"Representative","Unaffiliated"
532,"Masto","Catherine Cortez","Nevada",32,0,"Senator","Democratic"
533,"Tillis","Thom","North Carolina",37,0,"Senator","Republican"
534,"Davidson","Warren","Not Specified",0,0,"Representative","Unaffiliated"
535,"Young","Todd","Indiana",18,0,"Senator","Republican"
536,"Reed","Jack","Rhode Island",44,0,"Senator","Democratic"
537,"Cruz","Ted","Texas",48,0,"Senator","Republican"
538,"Cornyn","John","Texas",48,0,"Senator","Republican"
539,"Murray","Patty","Washington",53,0,"Senator","Democratic"
540,"Nelson","Bill","Florida",12,0,"Senator","Democratic"
541,"Van Hollen","Chris","Maryland",24,0,"Senator","Democratic"
542,"Wyden","Ron","Oregon",41,0,"Senator","Democratic"
543,"Plaskett","Stacey E","Virgin Islands",0,0,"Representative","Democratic"
